timestamp,elapsed_min,cell_voltage_v,charge_current_mA,temperature_c,relay_state,soc_percent,setpoint_low_v,setpoint_high_v,temperature_cutoff_c,mode,fault_reason
2026-04-24T09:00:00,0.0,3.8699,939.7,23.68,1,47.6,3.85,4.0,45.0,charging,
2026-04-24T09:01:00,1.0,3.8547,647.4,23.94,1,48.0,3.85,4.0,45.0,charging,
2026-04-24T09:02:00,2.0,3.8626,749.9,24.2,1,48.4,3.85,4.0,45.0,charging,
2026-04-24T09:03:00,3.0,3.8628,698.7,24.3,1,48.8,3.85,4.0,45.0,charging,
2026-04-24T09:04:00,4.0,3.8695,672.6,24.44,1,49.2,3.85,4.0,45.0,charging,
2026-04-24T09:05:00,5.0,3.8693,666.5,24.63,1,49.6,3.85,4.0,45.0,charging,
2026-04-24T09:06:00,6.0,3.8667,652.6,24.72,1,50.0,3.85,4.0,45.0,charging,
2026-04-24T09:07:00,7.0,3.8729,683.0,24.93,1,50.4,3.85,4.0,45.0,charging,
2026-04-24T09:08:00,8.0,3.8696,667.4,25.03,1,50.8,3.85,4.0,45.0,charging,
2026-04-24T09:09:00,9.0,3.8822,673.0,25.16,1,51.2,3.85,4.0,45.0,charging,
2026-04-24T09:10:00,10.0,3.8786,572.3,25.35,1,51.6,3.85,4.0,45.0,charging,
2026-04-24T09:11:00,11.0,3.8816,647.5,25.46,1,52.0,3.85,4.0,45.0,charging,
2026-04-24T09:12:00,12.0,3.8782,631.2,25.52,1,52.4,3.85,4.0,45.0,charging,
2026-04-24T09:13:00,13.0,3.8769,623.6,25.68,1,52.7,3.85,4.0,45.0,charging,
2026-04-24T09:14:00,14.0,3.8828,652.8,25.76,1,53.1,3.85,4.0,45.0,charging,
2026-04-24T09:15:00,15.0,3.8843,626.9,25.66,1,53.5,3.85,4.0,45.0,charging,
2026-04-24T09:16:00,16.0,3.8867,624.3,25.8,1,53.9,3.85,4.0,45.0,charging,
2026-04-24T09:17:00,17.0,3.8932,582.9,25.95,1,54.2,3.85,4.0,45.0,charging,
2026-04-24T09:18:00,18.0,3.8892,590.5,26.03,1,54.6,3.85,4.0,45.0,charging,
2026-04-24T09:19:00,19.0,3.8938,639.9,26.14,1,55.0,3.85,4.0,45.0,charging,
2026-04-24T09:20:00,20.0,3.8966,597.7,26.17,1,55.3,3.85,4.0,45.0,charging,
2026-04-24T09:21:00,21.0,3.8917,562.1,26.23,1,55.7,3.85,4.0,45.0,charging,
2026-04-24T09:22:00,22.0,3.8957,571.0,26.23,1,56.0,3.85,4.0,45.0,charging,
2026-04-24T09:23:00,23.0,3.8967,558.0,26.3,1,56.4,3.85,4.0,45.0,charging,
2026-04-24T09:24:00,24.0,3.9034,564.6,26.35,1,56.7,3.85,4.0,45.0,charging,
2026-04-24T09:25:00,25.0,3.9,538.4,26.39,1,57.0,3.85,4.0,45.0,charging,
2026-04-24T09:26:00,26.0,3.9038,580.5,26.44,1,57.4,3.85,4.0,45.0,charging,
2026-04-24T09:27:00,27.0,3.905,559.4,26.45,1,57.7,3.85,4.0,45.0,charging,
2026-04-24T09:28:00,28.0,3.9013,535.5,26.49,1,58.0,3.85,4.0,45.0,charging,
2026-04-24T09:29:00,29.0,3.9137,543.2,26.53,1,58.4,3.85,4.0,45.0,charging,
2026-04-24T09:30:00,30.0,3.9063,532.0,26.6,1,58.7,3.85,4.0,45.0,charging,
2026-04-24T09:31:00,31.0,3.9106,569.7,26.61,1,59.0,3.85,4.0,45.0,charging,
2026-04-24T09:32:00,32.0,3.9131,536.5,26.67,1,59.3,3.85,4.0,45.0,charging,
2026-04-24T09:33:00,33.0,3.9127,513.7,26.75,1,59.7,3.85,4.0,45.0,charging,
2026-04-24T09:34:00,34.0,3.9009,523.4,26.72,1,60.0,3.85,4.0,45.0,charging,
2026-04-24T09:35:00,35.0,3.9235,562.7,26.73,1,60.3,3.85,4.0,45.0,charging,
2026-04-24T09:36:00,36.0,3.9188,493.1,26.85,1,60.6,3.85,4.0,45.0,charging,
2026-04-24T09:37:00,37.0,3.9129,495.6,26.85,1,60.9,3.85,4.0,45.0,charging,
2026-04-24T09:38:00,38.0,3.9263,519.7,26.86,1,61.2,3.85,4.0,45.0,charging,
2026-04-24T09:39:00,39.0,3.9227,473.3,26.91,1,61.5,3.85,4.0,45.0,charging,
2026-04-24T09:40:00,40.0,3.9222,476.9,26.95,1,61.8,3.85,4.0,45.0,charging,
2026-04-24T09:41:00,41.0,3.9246,521.9,27.03,1,62.1,3.85,4.0,45.0,charging,
2026-04-24T09:42:00,42.0,3.9276,466.0,27.05,1,62.4,3.85,4.0,45.0,charging,
2026-04-24T09:43:00,43.0,3.9283,496.0,27.06,1,62.7,3.85,4.0,45.0,charging,
2026-04-24T09:44:00,44.0,3.9315,466.4,27.07,1,63.0,3.85,4.0,45.0,charging,
2026-04-24T09:45:00,45.0,3.929,442.4,27.0,1,63.2,3.85,4.0,45.0,charging,
2026-04-24T09:46:00,46.0,3.9362,472.7,27.08,1,63.5,3.85,4.0,45.0,charging,
2026-04-24T09:47:00,47.0,3.938,457.7,27.04,1,63.8,3.85,4.0,45.0,charging,
2026-04-24T09:48:00,48.0,3.9334,444.3,27.0,1,64.1,3.85,4.0,45.0,charging,
2026-04-24T09:49:00,49.0,3.9335,484.7,26.97,1,64.4,3.85,4.0,45.0,charging,
2026-04-24T09:50:00,50.0,3.9385,427.6,27.02,1,64.6,3.85,4.0,45.0,charging,
2026-04-24T09:51:00,51.0,3.9401,444.4,26.97,1,64.9,3.85,4.0,45.0,charging,
2026-04-24T09:52:00,52.0,3.9429,436.8,26.87,1,65.1,3.85,4.0,45.0,charging,
2026-04-24T09:53:00,53.0,3.9416,426.5,26.84,1,65.4,3.85,4.0,45.0,charging,
2026-04-24T09:54:00,54.0,3.9555,408.1,26.78,1,65.6,3.85,4.0,45.0,charging,
2026-04-24T09:55:00,55.0,3.9415,388.8,26.75,1,65.9,3.85,4.0,45.0,charging,
2026-04-24T09:56:00,56.0,3.9445,436.3,26.71,1,66.1,3.85,4.0,45.0,charging,
2026-04-24T09:57:00,57.0,3.9517,405.6,26.71,1,66.4,3.85,4.0,45.0,charging,
2026-04-24T09:58:00,58.0,3.9464,400.2,26.63,1,66.6,3.85,4.0,45.0,charging,
2026-04-24T09:59:00,59.0,3.9464,411.8,26.61,1,66.9,3.85,4.0,45.0,charging,
2026-04-24T10:00:00,60.0,3.952,429.9,26.62,1,67.1,3.85,4.0,45.0,charging,
2026-04-24T10:01:00,61.0,3.9472,368.9,26.57,1,67.4,3.85,4.0,45.0,charging,
2026-04-24T10:02:00,62.0,3.9541,413.3,26.6,1,67.6,3.85,4.0,45.0,charging,
2026-04-24T10:03:00,63.0,3.9529,366.6,26.64,1,67.8,3.85,4.0,45.0,charging,
2026-04-24T10:04:00,64.0,3.9523,383.0,26.63,1,68.1,3.85,4.0,45.0,charging,
2026-04-24T10:05:00,65.0,3.9597,386.5,26.58,1,68.3,3.85,4.0,45.0,charging,
2026-04-24T10:06:00,66.0,3.9597,361.5,26.49,1,68.5,3.85,4.0,45.0,charging,
2026-04-24T10:07:00,67.0,3.9639,366.8,26.4,1,68.7,3.85,4.0,45.0,charging,
2026-04-24T10:08:00,68.0,3.9538,328.2,26.34,1,68.9,3.85,4.0,45.0,charging,
2026-04-24T10:09:00,69.0,3.9619,390.0,26.37,1,69.2,3.85,4.0,45.0,charging,
2026-04-24T10:10:00,70.0,3.9574,329.1,26.33,1,69.4,3.85,4.0,45.0,charging,
2026-04-24T10:11:00,71.0,3.9606,349.7,26.3,1,69.6,3.85,4.0,45.0,charging,
2026-04-24T10:12:00,72.0,3.9656,369.4,26.29,1,69.8,3.85,4.0,45.0,charging,
2026-04-24T10:13:00,73.0,3.968,337.8,26.18,1,70.0,3.85,4.0,45.0,charging,
2026-04-24T10:14:00,74.0,3.9673,319.0,26.15,1,70.2,3.85,4.0,45.0,charging,
2026-04-24T10:15:00,75.0,3.9685,345.2,26.22,1,70.4,3.85,4.0,45.0,charging,
2026-04-24T10:16:00,76.0,3.9626,365.3,26.26,1,70.6,3.85,4.0,45.0,charging,
2026-04-24T10:17:00,77.0,3.9738,329.0,26.22,1,70.8,3.85,4.0,45.0,charging,
2026-04-24T10:18:00,78.0,3.9746,329.7,26.1,1,71.0,3.85,4.0,45.0,charging,
2026-04-24T10:19:00,79.0,3.967,338.8,26.08,1,71.2,3.85,4.0,45.0,charging,
2026-04-24T10:20:00,80.0,3.9741,353.9,26.09,1,71.4,3.85,4.0,45.0,charging,
2026-04-24T10:21:00,81.0,3.9687,308.9,26.08,1,71.6,3.85,4.0,45.0,charging,
2026-04-24T10:22:00,82.0,3.9789,343.3,26.08,1,71.8,3.85,4.0,45.0,charging,
2026-04-24T10:23:00,83.0,3.9677,283.2,26.05,1,72.0,3.85,4.0,45.0,charging,
2026-04-24T10:24:00,84.0,3.9784,326.4,26.01,1,72.2,3.85,4.0,45.0,charging,
2026-04-24T10:25:00,85.0,3.9809,319.3,25.93,1,72.4,3.85,4.0,45.0,charging,
2026-04-24T10:26:00,86.0,3.9793,301.4,25.98,1,72.6,3.85,4.0,45.0,charging,
2026-04-24T10:27:00,87.0,3.979,330.1,25.97,1,72.8,3.85,4.0,45.0,charging,
2026-04-24T10:28:00,88.0,3.9853,305.2,25.89,1,73.0,3.85,4.0,45.0,charging,
2026-04-24T10:29:00,89.0,3.9813,276.6,25.82,1,73.1,3.85,4.0,45.0,charging,
2026-04-24T10:30:00,90.0,3.9869,304.8,25.83,1,73.3,3.85,4.0,45.0,charging,
2026-04-24T10:31:00,91.0,3.9842,268.1,25.78,1,73.5,3.85,4.0,45.0,charging,
2026-04-24T10:32:00,92.0,3.9802,284.2,25.79,1,73.6,3.85,4.0,45.0,charging,
2026-04-24T10:33:00,93.0,3.9897,310.9,25.8,1,73.8,3.85,4.0,45.0,charging,
2026-04-24T10:34:00,94.0,3.9796,265.0,25.87,1,74.0,3.85,4.0,45.0,charging,
2026-04-24T10:35:00,95.0,3.9898,294.3,25.86,1,74.2,3.85,4.0,45.0,charging,
2026-04-24T10:36:00,96.0,3.9875,276.9,25.85,1,74.3,3.85,4.0,45.0,charging,
2026-04-24T10:37:00,97.0,3.9894,280.5,25.87,1,74.5,3.85,4.0,45.0,charging,
2026-04-24T10:38:00,98.0,3.9884,289.7,25.82,1,74.7,3.85,4.0,45.0,charging,
2026-04-24T10:39:00,99.0,3.9909,262.3,25.84,1,74.8,3.85,4.0,45.0,charging,
2026-04-24T10:40:00,100.0,3.991,287.9,25.94,1,75.0,3.85,4.0,45.0,charging,
2026-04-24T10:41:00,101.0,3.9927,279.4,25.87,1,75.2,3.85,4.0,45.0,charging,
2026-04-24T10:42:00,102.0,3.9851,251.7,25.86,1,75.3,3.85,4.0,45.0,charging,
2026-04-24T10:43:00,103.0,3.9946,300.4,25.88,1,75.5,3.85,4.0,45.0,charging,
2026-04-24T10:44:00,104.0,3.9866,255.4,25.81,1,75.7,3.85,4.0,45.0,charging,
2026-04-24T10:45:00,105.0,3.9943,282.1,25.69,1,75.8,3.85,4.0,45.0,charging,
2026-04-24T10:46:00,106.0,4.0028,257.1,25.62,1,76.0,3.85,4.0,45.0,charging,
2026-04-24T10:47:00,107.0,3.9378,4.8,25.59,0,75.9,3.85,4.0,45.0,idle,
2026-04-24T10:48:00,108.0,3.9392,2.9,25.52,0,75.9,3.85,4.0,45.0,idle,
2026-04-24T10:49:00,109.0,3.9371,3.3,25.49,0,75.9,3.85,4.0,45.0,idle,
2026-04-24T10:50:00,110.0,3.935,0.0,25.41,0,75.8,3.85,4.0,45.0,idle,
2026-04-24T10:51:00,111.0,3.9414,0.8,25.32,0,75.8,3.85,4.0,45.0,idle,
2026-04-24T10:52:00,112.0,3.9397,0.0,25.31,0,75.8,3.85,4.0,45.0,idle,
2026-04-24T10:53:00,113.0,3.9296,1.4,25.24,0,75.7,3.85,4.0,45.0,idle,
2026-04-24T10:54:00,114.0,3.944,4.4,25.22,0,75.7,3.85,4.0,45.0,idle,
2026-04-24T10:55:00,115.0,3.9316,2.3,25.17,0,75.6,3.85,4.0,45.0,idle,
2026-04-24T10:56:00,116.0,3.938,0.5,25.14,0,75.6,3.85,4.0,45.0,idle,
2026-04-24T10:57:00,117.0,3.9352,2.2,25.1,0,75.6,3.85,4.0,45.0,idle,
2026-04-24T10:58:00,118.0,3.9422,1.0,25.07,0,75.5,3.85,4.0,45.0,idle,
2026-04-24T10:59:00,119.0,3.9393,0.0,24.97,0,75.5,3.85,4.0,45.0,idle,
2026-04-24T11:00:00,120.0,3.9339,0.0,24.92,0,75.5,3.85,4.0,45.0,idle,
2026-04-24T11:01:00,121.0,3.9404,0.0,24.89,0,75.4,3.85,4.0,45.0,idle,
2026-04-24T11:02:00,122.0,3.9366,0.1,24.82,0,75.4,3.85,4.0,45.0,idle,
2026-04-24T11:03:00,123.0,3.9326,0.7,24.74,0,75.4,3.85,4.0,45.0,idle,
2026-04-24T11:04:00,124.0,3.9381,4.8,24.69,0,75.3,3.85,4.0,45.0,idle,
2026-04-24T11:05:00,125.0,3.9407,4.1,24.74,0,75.3,3.85,4.0,45.0,idle,
2026-04-24T11:06:00,126.0,3.94,1.2,24.64,0,75.3,3.85,4.0,45.0,idle,
2026-04-24T11:07:00,127.0,3.9345,3.8,24.62,0,75.2,3.85,4.0,45.0,idle,
2026-04-24T11:08:00,128.0,3.9338,2.7,24.63,0,75.2,3.85,4.0,45.0,idle,
2026-04-24T11:09:00,129.0,3.9323,0.0,24.61,0,75.1,3.85,4.0,45.0,idle,
2026-04-24T11:10:00,130.0,3.9273,2.3,24.63,0,75.1,3.85,4.0,45.0,idle,
2026-04-24T11:11:00,131.0,3.9395,1.4,24.6,0,75.1,3.85,4.0,45.0,idle,
2026-04-24T11:12:00,132.0,3.9325,0.0,24.57,0,75.0,3.85,4.0,45.0,idle,
2026-04-24T11:13:00,133.0,3.9333,1.5,24.57,0,75.0,3.85,4.0,45.0,idle,
2026-04-24T11:14:00,134.0,3.9331,5.9,24.49,0,75.0,3.85,4.0,45.0,idle,
2026-04-24T11:15:00,135.0,3.9322,5.0,24.52,0,74.9,3.85,4.0,45.0,idle,
2026-04-24T11:16:00,136.0,3.9318,0.0,24.55,0,74.9,3.85,4.0,45.0,idle,
2026-04-24T11:17:00,137.0,3.934,4.5,24.5,0,74.9,3.85,4.0,45.0,idle,
2026-04-24T11:18:00,138.0,3.9286,3.0,24.47,0,74.8,3.85,4.0,45.0,idle,
2026-04-24T11:19:00,139.0,3.9297,0.2,24.42,0,74.8,3.85,4.0,45.0,idle,
2026-04-24T11:20:00,140.0,3.9304,1.6,24.37,0,74.8,3.85,4.0,45.0,idle,
2026-04-24T11:21:00,141.0,3.9324,1.8,24.32,0,74.7,3.85,4.0,45.0,idle,
2026-04-24T11:22:00,142.0,3.9358,6.3,24.29,0,74.7,3.85,4.0,45.0,idle,
2026-04-24T11:23:00,143.0,3.9314,4.1,24.21,0,74.7,3.85,4.0,45.0,idle,
2026-04-24T11:24:00,144.0,3.9306,3.2,24.14,0,74.6,3.85,4.0,45.0,idle,
2026-04-24T11:25:00,145.0,3.9321,2.1,24.17,0,74.6,3.85,4.0,45.0,idle,
2026-04-24T11:26:00,146.0,3.9279,3.2,24.18,0,74.6,3.85,4.0,45.0,idle,
2026-04-24T11:27:00,147.0,3.9279,0.0,24.13,0,74.5,3.85,4.0,45.0,idle,
2026-04-24T11:28:00,148.0,3.9288,1.1,24.15,0,74.5,3.85,4.0,45.0,idle,
2026-04-24T11:29:00,149.0,3.925,0.0,24.13,0,74.5,3.85,4.0,45.0,idle,
2026-04-24T11:30:00,150.0,3.925,5.4,24.04,0,74.4,3.85,4.0,45.0,idle,
2026-04-24T11:31:00,151.0,3.9323,0.0,24.0,0,74.4,3.85,4.0,45.0,idle,
2026-04-24T11:32:00,152.0,3.9275,0.0,23.97,0,74.4,3.85,4.0,45.0,idle,
2026-04-24T11:33:00,153.0,3.93,3.3,24.0,0,74.3,3.85,4.0,45.0,idle,
2026-04-24T11:34:00,154.0,3.9344,0.2,23.99,0,74.3,3.85,4.0,45.0,idle,
2026-04-24T11:35:00,155.0,3.9289,0.0,24.01,0,74.3,3.85,4.0,45.0,idle,
2026-04-24T11:36:00,156.0,3.926,1.3,23.99,0,74.3,3.85,4.0,45.0,idle,
2026-04-24T11:37:00,157.0,3.9325,1.5,24.06,0,74.2,3.85,4.0,45.0,idle,
2026-04-24T11:38:00,158.0,3.9319,6.0,24.1,0,74.2,3.85,4.0,45.0,idle,
2026-04-24T11:39:00,159.0,3.9224,0.0,24.19,0,74.2,3.85,4.0,45.0,idle,
2026-04-24T11:40:00,160.0,3.922,3.5,24.06,0,74.1,3.85,4.0,45.0,idle,
2026-04-24T11:41:00,161.0,3.9399,0.0,23.98,0,74.1,3.85,4.0,45.0,idle,
2026-04-24T11:42:00,162.0,3.9312,0.0,24.04,0,74.1,3.85,4.0,45.0,idle,
2026-04-24T11:43:00,163.0,3.9329,0.0,24.03,0,74.0,3.85,4.0,45.0,idle,
2026-04-24T11:44:00,164.0,3.9255,5.6,24.01,0,74.0,3.85,4.0,45.0,idle,
2026-04-24T11:45:00,165.0,3.9262,0.0,24.02,0,74.0,3.85,4.0,45.0,idle,
2026-04-24T11:46:00,166.0,3.9279,0.0,24.11,0,73.9,3.85,4.0,45.0,idle,
2026-04-24T11:47:00,167.0,3.9298,1.7,24.05,0,73.9,3.85,4.0,45.0,idle,
2026-04-24T11:48:00,168.0,3.9228,3.0,24.09,0,73.9,3.85,4.0,45.0,idle,
2026-04-24T11:49:00,169.0,3.9314,6.9,23.97,0,73.8,3.85,4.0,45.0,idle,
2026-04-24T11:50:00,170.0,3.9267,1.9,23.92,0,73.8,3.85,4.0,45.0,idle,
2026-04-24T11:51:00,171.0,3.9301,0.0,24.02,0,73.8,3.85,4.0,45.0,idle,
2026-04-24T11:52:00,172.0,3.9281,4.4,23.94,0,73.8,3.85,4.0,45.0,idle,
2026-04-24T11:53:00,173.0,3.9285,0.0,24.0,0,73.7,3.85,4.0,45.0,idle,
2026-04-24T11:54:00,174.0,3.927,4.7,24.0,0,73.7,3.85,4.0,45.0,idle,
2026-04-24T11:55:00,175.0,3.9272,2.8,24.02,0,73.7,3.85,4.0,45.0,idle,
2026-04-24T11:56:00,176.0,3.9308,0.7,24.03,0,73.6,3.85,4.0,45.0,idle,
2026-04-24T11:57:00,177.0,3.9311,1.7,24.01,0,73.6,3.85,4.0,45.0,idle,
2026-04-24T11:58:00,178.0,3.9242,4.2,24.04,0,73.6,3.85,4.0,45.0,idle,
2026-04-24T11:59:00,179.0,3.9192,1.3,24.01,0,73.5,3.85,4.0,45.0,idle,
2026-04-24T12:00:00,180.0,3.926,0.0,23.98,0,73.5,3.85,4.0,45.0,idle,
2026-04-24T12:01:00,181.0,3.9261,4.7,23.93,0,73.5,3.85,4.0,45.0,idle,
2026-04-24T12:02:00,182.0,3.9268,4.0,23.92,0,73.5,3.85,4.0,45.0,idle,
2026-04-24T12:03:00,183.0,3.9228,2.6,23.95,0,73.4,3.85,4.0,45.0,idle,
2026-04-24T12:04:00,184.0,3.9211,3.2,23.95,0,73.4,3.85,4.0,45.0,idle,
2026-04-24T12:05:00,185.0,3.9241,2.5,23.97,0,73.4,3.85,4.0,45.0,idle,
2026-04-24T12:06:00,186.0,3.9245,3.7,24.03,0,73.3,3.85,4.0,45.0,idle,
2026-04-24T12:07:00,187.0,3.9224,1.0,24.01,0,73.3,3.85,4.0,45.0,idle,
2026-04-24T12:08:00,188.0,3.9251,4.9,24.0,0,73.3,3.85,4.0,45.0,idle,
2026-04-24T12:09:00,189.0,3.925,4.6,23.96,0,73.2,3.85,4.0,45.0,idle,
2026-04-24T12:10:00,190.0,3.9263,1.8,23.91,0,73.2,3.85,4.0,45.0,idle,
2026-04-24T12:11:00,191.0,3.9179,0.9,24.01,0,73.2,3.85,4.0,45.0,idle,
2026-04-24T12:12:00,192.0,3.9246,1.6,23.98,0,73.2,3.85,4.0,45.0,idle,
2026-04-24T12:13:00,193.0,3.9206,0.9,23.98,0,73.1,3.85,4.0,45.0,idle,
2026-04-24T12:14:00,194.0,3.9228,4.1,23.98,0,73.1,3.85,4.0,45.0,idle,
2026-04-24T12:15:00,195.0,3.9205,0.0,23.99,0,73.1,3.85,4.0,45.0,idle,
2026-04-24T12:16:00,196.0,3.921,7.5,24.0,0,73.0,3.85,4.0,45.0,idle,
2026-04-24T12:17:00,197.0,3.9211,0.0,23.98,0,73.0,3.85,4.0,45.0,idle,
2026-04-24T12:18:00,198.0,3.9182,0.0,23.89,0,73.0,3.85,4.0,45.0,idle,
2026-04-24T12:19:00,199.0,3.9208,2.6,23.84,0,72.9,3.85,4.0,45.0,idle,
2026-04-24T12:20:00,200.0,3.9184,3.7,23.83,0,72.9,3.85,4.0,45.0,idle,
2026-04-24T12:21:00,201.0,3.923,0.0,23.88,0,72.9,3.85,4.0,45.0,idle,
2026-04-24T12:22:00,202.0,3.914,7.4,23.87,0,72.8,3.85,4.0,45.0,idle,
2026-04-24T12:23:00,203.0,3.9242,0.1,23.89,0,72.8,3.85,4.0,45.0,idle,
2026-04-24T12:24:00,204.0,3.9104,0.0,23.87,0,72.8,3.85,4.0,45.0,idle,
2026-04-24T12:25:00,205.0,3.9133,5.6,23.87,0,72.8,3.85,4.0,45.0,idle,
2026-04-24T12:26:00,206.0,3.9189,1.3,23.87,0,72.7,3.85,4.0,45.0,idle,
2026-04-24T12:27:00,207.0,3.9307,1.7,23.96,0,72.7,3.85,4.0,45.0,idle,
2026-04-24T12:28:00,208.0,3.9215,5.7,23.9,0,72.7,3.85,4.0,45.0,idle,
2026-04-24T12:29:00,209.0,3.9273,0.1,23.89,0,72.6,3.85,4.0,45.0,idle,
2026-04-24T12:30:00,210.0,3.9198,2.1,23.94,0,72.6,3.85,4.0,45.0,idle,
2026-04-24T12:31:00,211.0,3.918,5.1,23.99,0,72.6,3.85,4.0,45.0,idle,
2026-04-24T12:32:00,212.0,3.9124,2.5,23.99,0,72.5,3.85,4.0,45.0,idle,
2026-04-24T12:33:00,213.0,3.9168,0.0,24.0,0,72.5,3.85,4.0,45.0,idle,
2026-04-24T12:34:00,214.0,3.9171,2.7,24.06,0,72.5,3.85,4.0,45.0,idle,
2026-04-24T12:35:00,215.0,3.9204,0.3,24.01,0,72.4,3.85,4.0,45.0,idle,
2026-04-24T12:36:00,216.0,3.9203,1.1,24.01,0,72.4,3.85,4.0,45.0,idle,
2026-04-24T12:37:00,217.0,3.9159,0.0,24.01,0,72.4,3.85,4.0,45.0,idle,
2026-04-24T12:38:00,218.0,3.9184,7.5,24.06,0,72.4,3.85,4.0,45.0,idle,
2026-04-24T12:39:00,219.0,3.9128,3.2,24.04,0,72.3,3.85,4.0,45.0,idle,
2026-04-24T12:40:00,220.0,3.9204,5.3,24.07,0,72.3,3.85,4.0,45.0,idle,
2026-04-24T12:41:00,221.0,3.9207,0.1,24.13,0,72.3,3.85,4.0,45.0,idle,
2026-04-24T12:42:00,222.0,3.928,2.4,24.11,0,72.2,3.85,4.0,45.0,idle,
2026-04-24T12:43:00,223.0,3.9164,2.7,24.09,0,72.2,3.85,4.0,45.0,idle,
2026-04-24T12:44:00,224.0,3.9187,3.8,24.11,0,72.2,3.85,4.0,45.0,idle,
2026-04-24T12:45:00,225.0,3.9164,0.9,24.13,0,72.1,3.85,4.0,45.0,idle,
2026-04-24T12:46:00,226.0,3.9169,4.4,24.19,0,72.1,3.85,4.0,45.0,idle,
2026-04-24T12:47:00,227.0,3.9138,1.8,24.12,0,72.1,3.85,4.0,45.0,idle,
2026-04-24T12:48:00,228.0,3.92,0.0,24.14,0,72.0,3.85,4.0,45.0,idle,
2026-04-24T12:49:00,229.0,3.9105,0.0,24.15,0,72.0,3.85,4.0,45.0,idle,
2026-04-24T12:50:00,230.0,3.9175,0.0,24.12,0,72.0,3.85,4.0,45.0,idle,
2026-04-24T12:51:00,231.0,3.9241,2.7,24.06,0,71.9,3.85,4.0,45.0,idle,
2026-04-24T12:52:00,232.0,3.9143,0.0,24.11,0,71.9,3.85,4.0,45.0,idle,
2026-04-24T12:53:00,233.0,3.9136,0.0,24.09,0,71.9,3.85,4.0,45.0,idle,
2026-04-24T12:54:00,234.0,3.913,2.5,24.06,0,71.8,3.85,4.0,45.0,idle,
2026-04-24T12:55:00,235.0,3.9121,1.0,24.01,0,71.8,3.85,4.0,45.0,idle,
2026-04-24T12:56:00,236.0,3.9161,4.7,23.99,0,71.8,3.85,4.0,45.0,idle,
2026-04-24T12:57:00,237.0,3.9058,0.7,24.02,0,71.7,3.85,4.0,45.0,idle,
2026-04-24T12:58:00,238.0,3.9128,5.6,24.07,0,71.7,3.85,4.0,45.0,idle,
2026-04-24T12:59:00,239.0,3.9149,4.1,24.08,0,71.7,3.85,4.0,45.0,idle,
2026-04-24T13:00:00,240.0,3.9086,2.2,24.08,0,71.6,3.85,4.0,45.0,idle,
2026-04-24T13:01:00,241.0,3.9129,5.2,24.05,0,71.6,3.85,4.0,45.0,idle,
2026-04-24T13:02:00,242.0,3.9154,0.0,24.1,0,71.6,3.85,4.0,45.0,idle,
2026-04-24T13:03:00,243.0,3.9055,0.4,24.09,0,71.5,3.85,4.0,45.0,idle,
2026-04-24T13:04:00,244.0,3.92,1.1,24.15,0,71.5,3.85,4.0,45.0,idle,
2026-04-24T13:05:00,245.0,3.9123,3.6,24.11,0,71.5,3.85,4.0,45.0,idle,
2026-04-24T13:06:00,246.0,3.9046,4.8,24.04,0,71.4,3.85,4.0,45.0,idle,
2026-04-24T13:07:00,247.0,3.9096,3.3,24.03,0,71.4,3.85,4.0,45.0,idle,
2026-04-24T13:08:00,248.0,3.9139,2.4,24.05,0,71.4,3.85,4.0,45.0,idle,
2026-04-24T13:09:00,249.0,3.9064,3.3,24.11,0,71.3,3.85,4.0,45.0,idle,
2026-04-24T13:10:00,250.0,3.9086,0.0,24.07,0,71.3,3.85,4.0,45.0,idle,
2026-04-24T13:11:00,251.0,3.9099,0.9,23.98,0,71.3,3.85,4.0,45.0,idle,
2026-04-24T13:12:00,252.0,3.9106,5.5,23.99,0,71.2,3.85,4.0,45.0,idle,
2026-04-24T13:13:00,253.0,3.9065,0.0,23.93,0,71.2,3.85,4.0,45.0,idle,
2026-04-24T13:14:00,254.0,3.8991,3.3,23.91,0,71.1,3.85,4.0,45.0,idle,
2026-04-24T13:15:00,255.0,3.9135,0.5,23.84,0,71.1,3.85,4.0,45.0,idle,
2026-04-24T13:16:00,256.0,3.9125,3.8,23.89,0,71.1,3.85,4.0,45.0,idle,
2026-04-24T13:17:00,257.0,3.909,2.7,23.89,0,71.0,3.85,4.0,45.0,idle,
2026-04-24T13:18:00,258.0,3.9099,0.0,23.84,0,71.0,3.85,4.0,45.0,idle,
2026-04-24T13:19:00,259.0,3.9122,4.4,23.86,0,71.0,3.85,4.0,45.0,idle,
2026-04-24T13:20:00,260.0,3.907,3.9,23.86,0,70.9,3.85,4.0,45.0,idle,
2026-04-24T13:21:00,261.0,3.9146,1.9,23.79,0,70.9,3.85,4.0,45.0,idle,
2026-04-24T13:22:00,262.0,3.9098,5.4,23.87,0,70.9,3.85,4.0,45.0,idle,
2026-04-24T13:23:00,263.0,3.9149,4.2,23.82,0,70.8,3.85,4.0,45.0,idle,
2026-04-24T13:24:00,264.0,3.9134,0.9,23.85,0,70.8,3.85,4.0,45.0,idle,
2026-04-24T13:25:00,265.0,3.9055,0.0,23.87,0,70.7,3.85,4.0,45.0,idle,
2026-04-24T13:26:00,266.0,3.9109,0.0,23.78,0,70.7,3.85,4.0,45.0,idle,
2026-04-24T13:27:00,267.0,3.9108,0.4,23.9,0,70.7,3.85,4.0,45.0,idle,
2026-04-24T13:28:00,268.0,3.9057,0.0,23.96,0,70.6,3.85,4.0,45.0,idle,
2026-04-24T13:29:00,269.0,3.9106,0.4,23.99,0,70.6,3.85,4.0,45.0,idle,
2026-04-24T13:30:00,270.0,3.9069,4.1,24.06,0,70.6,3.85,4.0,45.0,idle,
2026-04-24T13:31:00,271.0,3.9091,3.3,24.04,0,70.5,3.85,4.0,45.0,idle,
2026-04-24T13:32:00,272.0,3.9156,4.8,24.12,0,70.5,3.85,4.0,45.0,idle,
2026-04-24T13:33:00,273.0,3.9005,7.3,24.09,0,70.4,3.85,4.0,45.0,idle,
2026-04-24T13:34:00,274.0,3.8996,3.4,24.08,0,70.4,3.85,4.0,45.0,idle,
2026-04-24T13:35:00,275.0,3.9078,3.4,24.13,0,70.4,3.85,4.0,45.0,idle,
2026-04-24T13:36:00,276.0,3.9026,3.3,24.1,0,70.3,3.85,4.0,45.0,idle,
2026-04-24T13:37:00,277.0,3.9045,4.4,24.13,0,70.3,3.85,4.0,45.0,idle,
2026-04-24T13:38:00,278.0,3.9048,3.3,24.04,0,70.3,3.85,4.0,45.0,idle,
2026-04-24T13:39:00,279.0,3.903,1.6,23.99,0,70.2,3.85,4.0,45.0,idle,
2026-04-24T13:40:00,280.0,3.9032,1.0,23.95,0,70.2,3.85,4.0,45.0,idle,
2026-04-24T13:41:00,281.0,3.9143,4.4,23.96,0,70.1,3.85,4.0,45.0,idle,
2026-04-24T13:42:00,282.0,3.9096,1.1,24.05,0,70.1,3.85,4.0,45.0,idle,
2026-04-24T13:43:00,283.0,3.905,6.6,23.96,0,70.1,3.85,4.0,45.0,idle,
2026-04-24T13:44:00,284.0,3.9132,7.2,23.97,0,70.0,3.85,4.0,45.0,idle,
2026-04-24T13:45:00,285.0,3.9029,0.0,23.95,0,70.0,3.85,4.0,45.0,idle,
2026-04-24T13:46:00,286.0,3.905,2.4,23.88,0,69.9,3.85,4.0,45.0,idle,
2026-04-24T13:47:00,287.0,3.9024,3.7,23.86,0,69.9,3.85,4.0,45.0,idle,
2026-04-24T13:48:00,288.0,3.8988,4.5,23.9,0,69.9,3.85,4.0,45.0,idle,
2026-04-24T13:49:00,289.0,3.8997,1.6,23.89,0,69.8,3.85,4.0,45.0,idle,
2026-04-24T13:50:00,290.0,3.8954,3.6,23.86,0,69.8,3.85,4.0,45.0,idle,
2026-04-24T13:51:00,291.0,3.8993,0.4,23.85,0,69.7,3.85,4.0,45.0,idle,
2026-04-24T13:52:00,292.0,3.9017,1.9,23.85,0,69.7,3.85,4.0,45.0,idle,
2026-04-24T13:53:00,293.0,3.9017,1.2,23.86,0,69.7,3.85,4.0,45.0,idle,
2026-04-24T13:54:00,294.0,3.9024,4.6,23.88,0,69.6,3.85,4.0,45.0,idle,
2026-04-24T13:55:00,295.0,3.8994,0.0,23.88,0,69.6,3.85,4.0,45.0,idle,
2026-04-24T13:56:00,296.0,3.9059,0.0,23.91,0,69.6,3.85,4.0,45.0,idle,
2026-04-24T13:57:00,297.0,3.902,0.0,23.9,0,69.5,3.85,4.0,45.0,idle,
2026-04-24T13:58:00,298.0,3.9079,6.3,23.85,0,69.5,3.85,4.0,45.0,idle,
2026-04-24T13:59:00,299.0,3.9047,2.6,23.84,0,69.4,3.85,4.0,45.0,idle,
2026-04-24T14:00:00,300.0,3.9016,0.9,23.84,0,69.4,3.85,4.0,45.0,idle,
2026-04-24T14:01:00,301.0,3.9039,0.3,23.87,0,69.4,3.85,4.0,45.0,idle,
2026-04-24T14:02:00,302.0,3.896,1.2,24.03,0,69.3,3.85,4.0,45.0,idle,
2026-04-24T14:03:00,303.0,3.8962,2.7,23.98,0,69.3,3.85,4.0,45.0,idle,
2026-04-24T14:04:00,304.0,3.9031,0.1,23.99,0,69.2,3.85,4.0,45.0,idle,
2026-04-24T14:05:00,305.0,3.8978,3.8,24.02,0,69.2,3.85,4.0,45.0,idle,
2026-04-24T14:06:00,306.0,3.8967,4.8,24.06,0,69.2,3.85,4.0,45.0,idle,
2026-04-24T14:07:00,307.0,3.8975,3.0,24.0,0,69.1,3.85,4.0,45.0,idle,
2026-04-24T14:08:00,308.0,3.8977,3.4,23.96,0,69.1,3.85,4.0,45.0,idle,
2026-04-24T14:09:00,309.0,3.9002,0.0,23.92,0,69.0,3.85,4.0,45.0,idle,
2026-04-24T14:10:00,310.0,3.8979,3.1,23.92,0,69.0,3.85,4.0,45.0,idle,
2026-04-24T14:11:00,311.0,3.8963,0.1,23.98,0,68.9,3.85,4.0,45.0,idle,
2026-04-24T14:12:00,312.0,3.901,3.5,23.89,0,68.9,3.85,4.0,45.0,idle,
2026-04-24T14:13:00,313.0,3.8993,0.0,23.93,0,68.9,3.85,4.0,45.0,idle,
2026-04-24T14:14:00,314.0,3.8988,3.4,23.92,0,68.8,3.85,4.0,45.0,idle,
2026-04-24T14:15:00,315.0,3.8949,4.5,23.95,0,68.8,3.85,4.0,45.0,idle,
2026-04-24T14:16:00,316.0,3.8987,3.5,23.89,0,68.7,3.85,4.0,45.0,idle,
2026-04-24T14:17:00,317.0,3.8999,5.4,23.87,0,68.7,3.85,4.0,45.0,idle,
2026-04-24T14:18:00,318.0,3.8991,0.0,23.92,0,68.7,3.85,4.0,45.0,idle,
2026-04-24T14:19:00,319.0,3.8998,4.1,23.98,0,68.6,3.85,4.0,45.0,idle,
2026-04-24T14:20:00,320.0,3.8895,1.8,24.0,0,68.6,3.85,4.0,45.0,idle,
2026-04-24T14:21:00,321.0,3.8959,3.6,23.98,0,68.5,3.85,4.0,45.0,idle,
2026-04-24T14:22:00,322.0,3.8924,2.8,24.02,0,68.5,3.85,4.0,45.0,idle,
2026-04-24T14:23:00,323.0,3.893,2.9,23.97,0,68.5,3.85,4.0,45.0,idle,
2026-04-24T14:24:00,324.0,3.8955,3.5,24.0,0,68.4,3.85,4.0,45.0,idle,
2026-04-24T14:25:00,325.0,3.8929,5.0,24.0,0,68.4,3.85,4.0,45.0,idle,
2026-04-24T14:26:00,326.0,3.8882,3.2,24.06,0,68.3,3.85,4.0,45.0,idle,
2026-04-24T14:27:00,327.0,3.8955,4.9,24.11,0,68.3,3.85,4.0,45.0,idle,
2026-04-24T14:28:00,328.0,3.8975,0.0,24.14,0,68.3,3.85,4.0,45.0,idle,
2026-04-24T14:29:00,329.0,3.8892,0.6,24.13,0,68.2,3.85,4.0,45.0,idle,
2026-04-24T14:30:00,330.0,3.8932,0.0,24.08,0,68.2,3.85,4.0,45.0,idle,
2026-04-24T14:31:00,331.0,3.8909,2.3,24.11,0,68.1,3.85,4.0,45.0,idle,
2026-04-24T14:32:00,332.0,3.894,4.8,24.04,0,68.1,3.85,4.0,45.0,idle,
2026-04-24T14:33:00,333.0,3.8938,2.8,24.02,0,68.1,3.85,4.0,45.0,idle,
2026-04-24T14:34:00,334.0,3.8942,6.2,24.0,0,68.0,3.85,4.0,45.0,idle,
2026-04-24T14:35:00,335.0,3.8948,2.2,23.97,0,68.0,3.85,4.0,45.0,idle,
2026-04-24T14:36:00,336.0,3.892,1.1,23.96,0,67.9,3.85,4.0,45.0,idle,
2026-04-24T14:37:00,337.0,3.8883,2.9,23.94,0,67.9,3.85,4.0,45.0,idle,
2026-04-24T14:38:00,338.0,3.887,0.7,23.88,0,67.9,3.85,4.0,45.0,idle,
2026-04-24T14:39:00,339.0,3.8825,4.5,23.9,0,67.8,3.85,4.0,45.0,idle,
2026-04-24T14:40:00,340.0,3.8875,0.0,23.88,0,67.8,3.85,4.0,45.0,idle,
2026-04-24T14:41:00,341.0,3.8933,2.8,23.86,0,67.7,3.85,4.0,45.0,idle,
2026-04-24T14:42:00,342.0,3.8922,0.0,23.8,0,67.7,3.85,4.0,45.0,idle,
2026-04-24T14:43:00,343.0,3.8902,4.1,23.81,0,67.7,3.85,4.0,45.0,idle,
2026-04-24T14:44:00,344.0,3.8876,0.0,23.79,0,67.6,3.85,4.0,45.0,idle,
2026-04-24T14:45:00,345.0,3.8857,0.0,23.86,0,67.6,3.85,4.0,45.0,idle,
2026-04-24T14:46:00,346.0,3.8929,0.0,23.85,0,67.6,3.85,4.0,45.0,idle,
2026-04-24T14:47:00,347.0,3.893,1.8,23.88,0,67.5,3.85,4.0,45.0,idle,
2026-04-24T14:48:00,348.0,3.8866,0.0,23.93,0,67.5,3.85,4.0,45.0,idle,
2026-04-24T14:49:00,349.0,3.8916,0.9,23.98,0,67.4,3.85,4.0,45.0,idle,
2026-04-24T14:50:00,350.0,3.8943,0.0,23.93,0,67.4,3.85,4.0,45.0,idle,
2026-04-24T14:51:00,351.0,3.8821,7.7,24.02,0,67.4,3.85,4.0,45.0,idle,
2026-04-24T14:52:00,352.0,3.8909,3.4,23.92,0,67.3,3.85,4.0,45.0,idle,
2026-04-24T14:53:00,353.0,3.8876,2.3,23.9,0,67.3,3.85,4.0,45.0,idle,
2026-04-24T14:54:00,354.0,3.886,3.0,23.85,0,67.2,3.85,4.0,45.0,idle,
2026-04-24T14:55:00,355.0,3.8859,0.0,23.84,0,67.2,3.85,4.0,45.0,idle,
2026-04-24T14:56:00,356.0,3.8849,3.0,23.86,0,67.2,3.85,4.0,45.0,idle,
2026-04-24T14:57:00,357.0,3.8877,0.0,23.76,0,67.1,3.85,4.0,45.0,idle,
2026-04-24T14:58:00,358.0,3.8879,0.0,23.82,0,67.1,3.85,4.0,45.0,idle,
2026-04-24T14:59:00,359.0,3.886,3.1,23.93,0,67.1,3.85,4.0,45.0,idle,
2026-04-24T15:00:00,360.0,3.8838,0.1,23.95,0,67.0,3.85,4.0,45.0,idle,
2026-04-24T15:01:00,361.0,3.8872,3.6,23.92,0,67.0,3.85,4.0,45.0,idle,
2026-04-24T15:02:00,362.0,3.8859,2.0,23.96,0,66.9,3.85,4.0,45.0,idle,
2026-04-24T15:03:00,363.0,3.8876,1.2,23.96,0,66.9,3.85,4.0,45.0,idle,
2026-04-24T15:04:00,364.0,3.885,4.5,23.96,0,66.9,3.85,4.0,45.0,idle,
2026-04-24T15:05:00,365.0,3.8784,6.8,23.98,0,66.8,3.85,4.0,45.0,idle,
2026-04-24T15:06:00,366.0,3.8818,2.6,23.97,0,66.8,3.85,4.0,45.0,idle,
2026-04-24T15:07:00,367.0,3.882,4.4,23.92,0,66.8,3.85,4.0,45.0,idle,
2026-04-24T15:08:00,368.0,3.883,4.3,23.93,0,66.7,3.85,4.0,45.0,idle,
2026-04-24T15:09:00,369.0,3.8905,0.1,23.86,0,66.7,3.85,4.0,45.0,idle,
2026-04-24T15:10:00,370.0,3.8799,1.0,23.9,0,66.7,3.85,4.0,45.0,idle,
2026-04-24T15:11:00,371.0,3.8882,3.0,23.96,0,66.6,3.85,4.0,45.0,idle,
2026-04-24T15:12:00,372.0,3.882,5.5,23.92,0,66.6,3.85,4.0,45.0,idle,
2026-04-24T15:13:00,373.0,3.8842,0.8,23.9,0,66.5,3.85,4.0,45.0,idle,
2026-04-24T15:14:00,374.0,3.8775,8.4,23.86,0,66.5,3.85,4.0,45.0,idle,
2026-04-24T15:15:00,375.0,3.8823,1.7,23.76,0,66.5,3.85,4.0,45.0,idle,
2026-04-24T15:16:00,376.0,3.8863,1.6,23.74,0,66.4,3.85,4.0,45.0,idle,
2026-04-24T15:17:00,377.0,3.8827,0.0,23.63,0,66.4,3.85,4.0,45.0,idle,
2026-04-24T15:18:00,378.0,3.8812,0.0,23.61,0,66.4,3.85,4.0,45.0,idle,
2026-04-24T15:19:00,379.0,3.8764,1.5,23.63,0,66.3,3.85,4.0,45.0,idle,
2026-04-24T15:20:00,380.0,3.8858,0.0,23.58,0,66.3,3.85,4.0,45.0,idle,
2026-04-24T15:21:00,381.0,3.8841,2.1,23.57,0,66.3,3.85,4.0,45.0,idle,
2026-04-24T15:22:00,382.0,3.8797,3.5,23.48,0,66.2,3.85,4.0,45.0,idle,
2026-04-24T15:23:00,383.0,3.8834,2.1,23.46,0,66.2,3.85,4.0,45.0,idle,
2026-04-24T15:24:00,384.0,3.8822,3.7,23.4,0,66.2,3.85,4.0,45.0,idle,
2026-04-24T15:25:00,385.0,3.8766,4.9,23.39,0,66.1,3.85,4.0,45.0,idle,
2026-04-24T15:26:00,386.0,3.8748,4.3,23.4,0,66.1,3.85,4.0,45.0,idle,
2026-04-24T15:27:00,387.0,3.8745,5.0,23.39,0,66.1,3.85,4.0,45.0,idle,
2026-04-24T15:28:00,388.0,3.8788,2.1,23.35,0,66.0,3.85,4.0,45.0,idle,
2026-04-24T15:29:00,389.0,3.8822,3.5,23.33,0,66.0,3.85,4.0,45.0,idle,
2026-04-24T15:30:00,390.0,3.8852,0.0,23.29,0,66.0,3.85,4.0,45.0,idle,
2026-04-24T15:31:00,391.0,3.8808,0.1,23.2,0,65.9,3.85,4.0,45.0,idle,
2026-04-24T15:32:00,392.0,3.8762,0.0,23.16,0,65.9,3.85,4.0,45.0,idle,
2026-04-24T15:33:00,393.0,3.8866,0.1,23.16,0,65.9,3.85,4.0,45.0,idle,
2026-04-24T15:34:00,394.0,3.8844,0.0,23.15,0,65.8,3.85,4.0,45.0,idle,
2026-04-24T15:35:00,395.0,3.8752,6.6,23.18,0,65.8,3.85,4.0,45.0,idle,
2026-04-24T15:36:00,396.0,3.8848,2.3,23.2,0,65.8,3.85,4.0,45.0,idle,
2026-04-24T15:37:00,397.0,3.8835,0.2,23.17,0,65.7,3.85,4.0,45.0,idle,
2026-04-24T15:38:00,398.0,3.8802,0.0,23.26,0,65.7,3.85,4.0,45.0,idle,
2026-04-24T15:39:00,399.0,3.8684,0.7,23.18,0,65.7,3.85,4.0,45.0,idle,
2026-04-24T15:40:00,400.0,3.8759,0.4,23.15,0,65.6,3.85,4.0,45.0,idle,
2026-04-24T15:41:00,401.0,3.8722,0.8,23.18,0,65.6,3.85,4.0,45.0,idle,
2026-04-24T15:42:00,402.0,3.8743,3.2,23.2,0,65.6,3.85,4.0,45.0,idle,
2026-04-24T15:43:00,403.0,3.8732,6.4,23.13,0,65.5,3.85,4.0,45.0,idle,
2026-04-24T15:44:00,404.0,3.8793,0.9,23.15,0,65.5,3.85,4.0,45.0,idle,
2026-04-24T15:45:00,405.0,3.8798,4.3,23.19,0,65.5,3.85,4.0,45.0,idle,
2026-04-24T15:46:00,406.0,3.8742,1.4,23.18,0,65.4,3.85,4.0,45.0,idle,
2026-04-24T15:47:00,407.0,3.8806,0.0,23.14,0,65.4,3.85,4.0,45.0,idle,
2026-04-24T15:48:00,408.0,3.8734,0.7,23.14,0,65.4,3.85,4.0,45.0,idle,
2026-04-24T15:49:00,409.0,3.8714,6.6,23.15,0,65.3,3.85,4.0,45.0,idle,
2026-04-24T15:50:00,410.0,3.8723,4.6,23.15,0,65.3,3.85,4.0,45.0,idle,
2026-04-24T15:51:00,411.0,3.8794,0.0,23.11,0,65.3,3.85,4.0,45.0,idle,
2026-04-24T15:52:00,412.0,3.8738,4.0,23.07,0,65.2,3.85,4.0,45.0,idle,
2026-04-24T15:53:00,413.0,3.8727,2.7,23.14,0,65.2,3.85,4.0,45.0,idle,
2026-04-24T15:54:00,414.0,3.8717,6.2,23.2,0,65.2,3.85,4.0,45.0,idle,
2026-04-24T15:55:00,415.0,3.8751,3.2,23.2,0,65.2,3.85,4.0,45.0,idle,
2026-04-24T15:56:00,416.0,3.8733,6.2,23.24,0,65.1,3.85,4.0,45.0,idle,
2026-04-24T15:57:00,417.0,3.8778,2.8,23.3,0,65.1,3.85,4.0,45.0,idle,
2026-04-24T15:58:00,418.0,3.8741,0.3,23.29,0,65.1,3.85,4.0,45.0,idle,
2026-04-24T15:59:00,419.0,3.8728,0.0,23.32,0,65.0,3.85,4.0,45.0,idle,
2026-04-24T16:00:00,420.0,3.8818,4.7,23.32,0,65.0,3.85,4.0,45.0,idle,
2026-04-24T16:01:00,421.0,3.8703,0.4,23.36,0,65.0,3.85,4.0,45.0,idle,
2026-04-24T16:02:00,422.0,3.8735,4.6,23.38,0,64.9,3.85,4.0,45.0,idle,
2026-04-24T16:03:00,423.0,3.872,1.7,23.4,0,64.9,3.85,4.0,45.0,idle,
2026-04-24T16:04:00,424.0,3.8735,2.4,23.3,0,64.9,3.85,4.0,45.0,idle,
2026-04-24T16:05:00,425.0,3.8785,0.0,23.32,0,64.8,3.85,4.0,45.0,idle,
2026-04-24T16:06:00,426.0,3.8683,0.0,23.35,0,64.8,3.85,4.0,45.0,idle,
2026-04-24T16:07:00,427.0,3.8709,0.3,23.28,0,64.8,3.85,4.0,45.0,idle,
2026-04-24T16:08:00,428.0,3.8793,1.1,23.2,0,64.8,3.85,4.0,45.0,idle,
2026-04-24T16:09:00,429.0,3.8762,3.6,23.18,0,64.7,3.85,4.0,45.0,idle,
2026-04-24T16:10:00,430.0,3.8729,3.5,23.17,0,64.7,3.85,4.0,45.0,idle,
2026-04-24T16:11:00,431.0,3.8739,0.0,23.19,0,64.7,3.85,4.0,45.0,idle,
2026-04-24T16:12:00,432.0,3.8679,1.9,23.22,0,64.6,3.85,4.0,45.0,idle,
2026-04-24T16:13:00,433.0,3.8745,4.8,23.19,0,64.6,3.85,4.0,45.0,idle,
2026-04-24T16:14:00,434.0,3.8782,6.2,23.11,0,64.6,3.85,4.0,45.0,idle,
2026-04-24T16:15:00,435.0,3.8706,2.8,23.18,0,64.5,3.85,4.0,45.0,idle,
2026-04-24T16:16:00,436.0,3.8736,0.0,23.18,0,64.5,3.85,4.0,45.0,idle,
2026-04-24T16:17:00,437.0,3.8777,0.9,23.23,0,64.5,3.85,4.0,45.0,idle,
2026-04-24T16:18:00,438.0,3.8662,4.4,23.26,0,64.5,3.85,4.0,45.0,idle,
2026-04-24T16:19:00,439.0,3.8634,4.4,23.31,0,64.4,3.85,4.0,45.0,idle,
2026-04-24T16:20:00,440.0,3.8652,1.8,23.34,0,64.4,3.85,4.0,45.0,idle,
2026-04-24T16:21:00,441.0,3.8674,2.9,23.35,0,64.4,3.85,4.0,45.0,idle,
2026-04-24T16:22:00,442.0,3.8642,0.0,23.37,0,64.3,3.85,4.0,45.0,idle,
2026-04-24T16:23:00,443.0,3.8672,1.1,23.36,0,64.3,3.85,4.0,45.0,idle,
2026-04-24T16:24:00,444.0,3.8724,0.0,23.31,0,64.3,3.85,4.0,45.0,idle,
2026-04-24T16:25:00,445.0,3.8653,5.3,23.35,0,64.2,3.85,4.0,45.0,idle,
2026-04-24T16:26:00,446.0,3.8667,7.3,23.32,0,64.2,3.85,4.0,45.0,idle,
2026-04-24T16:27:00,447.0,3.869,4.9,23.37,0,64.2,3.85,4.0,45.0,idle,
2026-04-24T16:28:00,448.0,3.8739,0.0,23.41,0,64.1,3.85,4.0,45.0,idle,
2026-04-24T16:29:00,449.0,3.87,3.0,23.46,0,64.1,3.85,4.0,45.0,idle,
2026-04-24T16:30:00,450.0,3.8652,2.0,23.45,0,64.1,3.85,4.0,45.0,idle,
2026-04-24T16:31:00,451.0,3.8719,1.1,23.38,0,64.1,3.85,4.0,45.0,idle,
2026-04-24T16:32:00,452.0,3.8642,2.8,23.4,0,64.0,3.85,4.0,45.0,idle,
2026-04-24T16:33:00,453.0,3.8679,5.6,23.39,0,64.0,3.85,4.0,45.0,idle,
2026-04-24T16:34:00,454.0,3.8697,0.0,23.42,0,64.0,3.85,4.0,45.0,idle,
2026-04-24T16:35:00,455.0,3.8666,0.1,23.41,0,63.9,3.85,4.0,45.0,idle,
2026-04-24T16:36:00,456.0,3.8669,1.5,23.4,0,63.9,3.85,4.0,45.0,idle,
2026-04-24T16:37:00,457.0,3.8654,5.4,23.41,0,63.9,3.85,4.0,45.0,idle,
2026-04-24T16:38:00,458.0,3.8695,6.8,23.44,0,63.8,3.85,4.0,45.0,idle,
2026-04-24T16:39:00,459.0,3.8633,3.1,23.35,0,63.8,3.85,4.0,45.0,idle,
2026-04-24T16:40:00,460.0,3.8631,6.3,23.3,0,63.8,3.85,4.0,45.0,idle,
2026-04-24T16:41:00,461.0,3.8658,0.0,23.34,0,63.8,3.85,4.0,45.0,idle,
2026-04-24T16:42:00,462.0,3.8689,1.2,23.34,0,63.7,3.85,4.0,45.0,idle,
2026-04-24T16:43:00,463.0,3.8667,1.5,23.27,0,63.7,3.85,4.0,45.0,idle,
2026-04-24T16:44:00,464.0,3.8681,0.0,23.24,0,63.7,3.85,4.0,45.0,idle,
2026-04-24T16:45:00,465.0,3.8723,0.4,23.24,0,63.6,3.85,4.0,45.0,idle,
2026-04-24T16:46:00,466.0,3.8659,0.0,23.29,0,63.6,3.85,4.0,45.0,idle,
2026-04-24T16:47:00,467.0,3.8694,0.7,23.22,0,63.6,3.85,4.0,45.0,idle,
2026-04-24T16:48:00,468.0,3.8702,1.8,23.2,0,63.5,3.85,4.0,45.0,idle,
2026-04-24T16:49:00,469.0,3.8685,1.8,23.25,0,63.5,3.85,4.0,45.0,idle,
2026-04-24T16:50:00,470.0,3.8635,0.0,23.33,0,63.5,3.85,4.0,45.0,idle,
2026-04-24T16:51:00,471.0,3.8565,1.8,23.24,0,63.4,3.85,4.0,45.0,idle,
2026-04-24T16:52:00,472.0,3.8655,2.2,23.18,0,63.4,3.85,4.0,45.0,idle,
2026-04-24T16:53:00,473.0,3.8643,6.1,23.16,0,63.4,3.85,4.0,45.0,idle,
2026-04-24T16:54:00,474.0,3.8696,4.2,23.19,0,63.3,3.85,4.0,45.0,idle,
2026-04-24T16:55:00,475.0,3.8623,4.1,23.15,0,63.3,3.85,4.0,45.0,idle,
2026-04-24T16:56:00,476.0,3.8662,2.0,23.17,0,63.3,3.85,4.0,45.0,idle,
2026-04-24T16:57:00,477.0,3.8629,5.4,23.19,0,63.2,3.85,4.0,45.0,idle,
2026-04-24T16:58:00,478.0,3.8637,4.4,23.16,0,63.2,3.85,4.0,45.0,idle,
2026-04-24T16:59:00,479.0,3.8645,0.7,23.19,0,63.2,3.85,4.0,45.0,idle,
2026-04-24T17:00:00,480.0,3.8605,5.9,23.22,0,63.2,3.85,4.0,45.0,idle,
2026-04-24T17:01:00,481.0,3.8584,1.1,23.17,0,63.1,3.85,4.0,45.0,idle,
2026-04-24T17:02:00,482.0,3.8622,1.3,23.14,0,63.1,3.85,4.0,45.0,idle,
2026-04-24T17:03:00,483.0,3.8665,3.0,23.15,0,63.1,3.85,4.0,45.0,idle,
2026-04-24T17:04:00,484.0,3.8647,2.4,23.15,0,63.0,3.85,4.0,45.0,idle,
2026-04-24T17:05:00,485.0,3.8617,0.6,23.2,0,63.0,3.85,4.0,45.0,idle,
2026-04-24T17:06:00,486.0,3.8622,4.3,23.21,0,63.0,3.85,4.0,45.0,idle,
2026-04-24T17:07:00,487.0,3.8593,0.4,23.2,0,62.9,3.85,4.0,45.0,idle,
2026-04-24T17:08:00,488.0,3.8657,0.0,23.26,0,62.9,3.85,4.0,45.0,idle,
2026-04-24T17:09:00,489.0,3.8619,0.4,23.17,0,62.9,3.85,4.0,45.0,idle,
2026-04-24T17:10:00,490.0,3.8589,0.0,23.21,0,62.8,3.85,4.0,45.0,idle,
2026-04-24T17:11:00,491.0,3.8533,1.6,23.16,0,62.8,3.85,4.0,45.0,idle,
2026-04-24T17:12:00,492.0,3.8592,5.4,23.05,0,62.8,3.85,4.0,45.0,idle,
2026-04-24T17:13:00,493.0,3.8596,0.4,23.05,0,62.7,3.85,4.0,45.0,idle,
2026-04-24T17:14:00,494.0,3.8655,0.0,22.98,0,62.7,3.85,4.0,45.0,idle,
2026-04-24T17:15:00,495.0,3.8582,2.9,22.92,0,62.6,3.85,4.0,45.0,idle,
2026-04-24T17:16:00,496.0,3.8606,5.2,22.84,0,62.6,3.85,4.0,45.0,idle,
2026-04-24T17:17:00,497.0,3.8597,4.6,22.87,0,62.6,3.85,4.0,45.0,idle,
2026-04-24T17:18:00,498.0,3.8631,2.0,22.82,0,62.5,3.85,4.0,45.0,idle,
2026-04-24T17:19:00,499.0,3.8594,0.0,22.89,0,62.5,3.85,4.0,45.0,idle,
2026-04-24T17:20:00,500.0,3.857,1.2,22.95,0,62.5,3.85,4.0,45.0,idle,
2026-04-24T17:21:00,501.0,3.8543,4.7,22.91,0,62.4,3.85,4.0,45.0,idle,
2026-04-24T17:22:00,502.0,3.8587,1.5,22.95,0,62.4,3.85,4.0,45.0,idle,
2026-04-24T17:23:00,503.0,3.8486,2.5,22.9,0,62.4,3.85,4.0,45.0,idle,
2026-04-24T17:24:00,504.0,3.9412,753.4,23.19,1,62.8,3.85,4.0,45.0,charging,
2026-04-24T17:25:00,505.0,3.9264,427.2,23.29,1,63.1,3.85,4.0,45.0,charging,
2026-04-24T17:26:00,506.0,3.9323,445.7,23.43,1,63.4,3.85,4.0,45.0,charging,
2026-04-24T17:27:00,507.0,3.9347,447.8,23.57,1,63.6,3.85,4.0,45.0,charging,
2026-04-24T17:28:00,508.0,3.9401,440.3,23.61,1,63.9,3.85,4.0,45.0,charging,
2026-04-24T17:29:00,509.0,3.9363,429.3,23.74,1,64.1,3.85,4.0,45.0,charging,
2026-04-24T17:30:00,510.0,3.9365,435.4,23.86,1,64.4,3.85,4.0,45.0,charging,
2026-04-24T17:31:00,511.0,3.9413,440.1,24.02,1,64.7,3.85,4.0,45.0,charging,
2026-04-24T17:32:00,512.0,3.9336,418.7,24.1,1,64.9,3.85,4.0,45.0,charging,
2026-04-24T17:33:00,513.0,3.9377,460.0,24.2,1,65.2,3.85,4.0,45.0,charging,
2026-04-24T17:34:00,514.0,3.9396,429.5,24.24,1,65.5,3.85,4.0,45.0,charging,
2026-04-24T17:35:00,515.0,3.9465,424.9,24.27,1,65.7,3.85,4.0,45.0,charging,
2026-04-24T17:36:00,516.0,3.9402,394.8,24.27,1,66.0,3.85,4.0,45.0,charging,
2026-04-24T17:37:00,517.0,3.9482,453.7,24.34,1,66.2,3.85,4.0,45.0,charging,
2026-04-24T17:38:00,518.0,3.9406,397.0,24.39,1,66.5,3.85,4.0,45.0,charging,
2026-04-24T17:39:00,519.0,3.951,435.3,24.5,1,66.7,3.85,4.0,45.0,charging,
2026-04-24T17:40:00,520.0,3.9543,397.8,24.58,1,67.0,3.85,4.0,45.0,charging,
2026-04-24T17:41:00,521.0,3.9487,416.5,24.63,1,67.2,3.85,4.0,45.0,charging,
2026-04-24T17:42:00,522.0,3.9522,415.9,24.68,1,67.5,3.85,4.0,45.0,charging,
2026-04-24T17:43:00,523.0,3.9525,383.3,24.75,1,67.7,3.85,4.0,45.0,charging,
2026-04-24T17:44:00,524.0,3.9602,380.2,24.81,1,67.9,3.85,4.0,45.0,charging,
2026-04-24T17:45:00,525.0,3.9498,395.9,24.87,1,68.2,3.85,4.0,45.0,charging,
2026-04-24T17:46:00,526.0,3.9617,396.5,24.92,1,68.4,3.85,4.0,45.0,charging,
2026-04-24T17:47:00,527.0,3.9538,357.6,24.93,1,68.6,3.85,4.0,45.0,charging,
2026-04-24T17:48:00,528.0,3.965,385.1,24.97,1,68.9,3.85,4.0,45.0,charging,
2026-04-24T17:49:00,529.0,3.9608,347.1,24.94,1,69.1,3.85,4.0,45.0,charging,
2026-04-24T17:50:00,530.0,3.9603,356.5,24.91,1,69.3,3.85,4.0,45.0,charging,
2026-04-24T17:51:00,531.0,3.9659,378.0,24.98,1,69.5,3.85,4.0,45.0,charging,
2026-04-24T17:52:00,532.0,3.962,349.2,25.02,1,69.7,3.85,4.0,45.0,charging,
2026-04-24T17:53:00,533.0,3.9609,375.3,24.93,1,69.9,3.85,4.0,45.0,charging,
2026-04-24T17:54:00,534.0,3.9714,359.2,24.91,1,70.2,3.85,4.0,45.0,charging,
2026-04-24T17:55:00,535.0,3.959,348.5,24.96,1,70.4,3.85,4.0,45.0,charging,
2026-04-24T17:56:00,536.0,3.9658,318.6,24.92,1,70.6,3.85,4.0,45.0,charging,
2026-04-24T17:57:00,537.0,3.9737,346.2,24.94,1,70.8,3.85,4.0,45.0,charging,
2026-04-24T17:58:00,538.0,3.9702,319.9,24.92,1,71.0,3.85,4.0,45.0,charging,
2026-04-24T17:59:00,539.0,3.9734,324.6,24.99,1,71.2,3.85,4.0,45.0,charging,
2026-04-24T18:00:00,540.0,3.9714,338.6,24.92,1,71.4,3.85,4.0,45.0,charging,
2026-04-24T18:01:00,541.0,3.9768,317.0,24.92,1,71.6,3.85,4.0,45.0,charging,
2026-04-24T18:02:00,542.0,3.9743,339.2,24.9,1,71.8,3.85,4.0,45.0,charging,
2026-04-24T18:03:00,543.0,3.9782,324.6,24.94,1,72.0,3.85,4.0,45.0,charging,
2026-04-24T18:04:00,544.0,3.9706,321.9,24.97,1,72.1,3.85,4.0,45.0,charging,
2026-04-24T18:05:00,545.0,3.9818,338.3,24.95,1,72.4,3.85,4.0,45.0,charging,
2026-04-24T18:06:00,546.0,3.9723,250.0,25.01,1,72.5,3.85,4.0,45.0,charging,
2026-04-24T18:07:00,547.0,3.9795,307.3,25.02,1,72.7,3.85,4.0,45.0,charging,
2026-04-24T18:08:00,548.0,3.9804,307.5,24.97,1,72.9,3.85,4.0,45.0,charging,
2026-04-24T18:09:00,549.0,3.9846,302.0,24.95,1,73.1,3.85,4.0,45.0,charging,
2026-04-24T18:10:00,550.0,3.9831,278.6,24.92,1,73.2,3.85,4.0,45.0,charging,
2026-04-24T18:11:00,551.0,3.9863,288.6,24.84,1,73.4,3.85,4.0,45.0,charging,
2026-04-24T18:12:00,552.0,3.9814,286.6,24.73,1,73.6,3.85,4.0,45.0,charging,
2026-04-24T18:13:00,553.0,3.9731,320.8,24.77,1,73.8,3.85,4.0,45.0,charging,
2026-04-24T18:14:00,554.0,3.9813,293.7,24.83,1,73.9,3.85,4.0,45.0,charging,
2026-04-24T18:15:00,555.0,3.9879,289.5,24.76,1,74.1,3.85,4.0,45.0,charging,
2026-04-24T18:16:00,556.0,3.9872,274.6,24.74,1,74.3,3.85,4.0,45.0,charging,
2026-04-24T18:17:00,557.0,3.9912,283.0,24.68,1,74.4,3.85,4.0,45.0,charging,
2026-04-24T18:18:00,558.0,3.9883,264.1,24.65,1,74.6,3.85,4.0,45.0,charging,
2026-04-24T18:19:00,559.0,3.997,310.3,24.62,1,74.8,3.85,4.0,45.0,charging,
2026-04-24T18:20:00,560.0,3.9922,245.1,24.57,1,74.9,3.85,4.0,45.0,charging,
2026-04-24T18:21:00,561.0,3.9954,232.8,24.58,1,75.1,3.85,4.0,45.0,charging,
2026-04-24T18:22:00,562.0,3.9952,280.8,24.54,1,75.3,3.85,4.0,45.0,charging,
2026-04-24T18:23:00,563.0,3.9889,256.6,24.53,1,75.4,3.85,4.0,45.0,charging,
2026-04-24T18:24:00,564.0,4.0,283.2,24.5,1,75.6,3.85,4.0,45.0,charging,
2026-04-24T18:25:00,565.0,3.942,0.0,24.39,0,75.5,3.85,4.0,45.0,idle,
2026-04-24T18:26:00,566.0,3.9339,0.8,24.32,0,75.5,3.85,4.0,45.0,idle,
2026-04-24T18:27:00,567.0,3.9347,0.0,24.26,0,75.5,3.85,4.0,45.0,idle,
2026-04-24T18:28:00,568.0,3.9329,0.0,24.17,0,75.4,3.85,4.0,45.0,idle,
2026-04-24T18:29:00,569.0,3.9374,1.1,24.08,0,75.4,3.85,4.0,45.0,idle,
2026-04-24T18:30:00,570.0,3.9389,0.1,23.94,0,75.3,3.85,4.0,45.0,idle,
2026-04-24T18:31:00,571.0,3.9419,0.3,23.84,0,75.3,3.85,4.0,45.0,idle,
2026-04-24T18:32:00,572.0,3.9357,5.8,23.71,0,75.3,3.85,4.0,45.0,idle,
2026-04-24T18:33:00,573.0,3.9355,0.0,23.69,0,75.2,3.85,4.0,45.0,idle,
2026-04-24T18:34:00,574.0,3.9328,3.5,23.64,0,75.2,3.85,4.0,45.0,idle,
2026-04-24T18:35:00,575.0,3.9406,3.2,23.64,0,75.1,3.85,4.0,45.0,idle,
2026-04-24T18:36:00,576.0,3.9344,0.0,23.66,0,75.1,3.85,4.0,45.0,idle,
2026-04-24T18:37:00,577.0,3.9345,4.7,23.63,0,75.1,3.85,4.0,45.0,idle,
2026-04-24T18:38:00,578.0,3.9338,0.0,23.6,0,75.0,3.85,4.0,45.0,idle,
2026-04-24T18:39:00,579.0,3.9349,3.6,23.58,0,75.0,3.85,4.0,45.0,idle,
2026-04-24T18:40:00,580.0,3.9275,0.4,23.58,0,74.9,3.85,4.0,45.0,idle,
2026-04-24T18:41:00,581.0,3.933,1.1,23.51,0,74.9,3.85,4.0,45.0,idle,
2026-04-24T18:42:00,582.0,3.9292,5.4,23.5,0,74.9,3.85,4.0,45.0,idle,
2026-04-24T18:43:00,583.0,3.9316,0.2,23.48,0,74.8,3.85,4.0,45.0,idle,
2026-04-24T18:44:00,584.0,3.9324,0.1,23.46,0,74.8,3.85,4.0,45.0,idle,
2026-04-24T18:45:00,585.0,3.9322,0.2,23.47,0,74.7,3.85,4.0,45.0,idle,
2026-04-24T18:46:00,586.0,3.9327,5.1,23.42,0,74.7,3.85,4.0,45.0,idle,
2026-04-24T18:47:00,587.0,3.9358,2.3,23.39,0,74.7,3.85,4.0,45.0,idle,
2026-04-24T18:48:00,588.0,3.928,0.0,23.37,0,74.6,3.85,4.0,45.0,idle,
2026-04-24T18:49:00,589.0,3.9287,0.0,23.31,0,74.6,3.85,4.0,45.0,idle,
2026-04-24T18:50:00,590.0,3.9392,0.7,23.26,0,74.5,3.85,4.0,45.0,idle,
2026-04-24T18:51:00,591.0,3.9267,4.2,23.32,0,74.5,3.85,4.0,45.0,idle,
2026-04-24T18:52:00,592.0,3.9353,0.0,23.34,0,74.5,3.85,4.0,45.0,idle,
2026-04-24T18:53:00,593.0,3.9339,2.1,23.35,0,74.4,3.85,4.0,45.0,idle,
2026-04-24T18:54:00,594.0,3.9243,0.6,23.31,0,74.4,3.85,4.0,45.0,idle,
2026-04-24T18:55:00,595.0,3.9301,0.3,23.28,0,74.3,3.85,4.0,45.0,idle,
2026-04-24T18:56:00,596.0,3.9264,4.9,23.29,0,74.3,3.85,4.0,45.0,idle,
2026-04-24T18:57:00,597.0,3.9259,1.6,23.23,0,74.3,3.85,4.0,45.0,idle,
2026-04-24T18:58:00,598.0,3.9261,5.2,23.27,0,74.2,3.85,4.0,45.0,idle,
2026-04-24T18:59:00,599.0,3.9203,2.8,23.28,0,74.2,3.85,4.0,45.0,idle,
2026-04-24T19:00:00,600.0,3.9355,2.4,23.3,0,74.1,3.85,4.0,45.0,idle,
2026-04-24T19:01:00,601.0,3.9327,2.1,23.32,0,74.1,3.85,4.0,45.0,idle,
2026-04-24T19:02:00,602.0,3.9278,0.0,23.23,0,74.1,3.85,4.0,45.0,idle,
2026-04-24T19:03:00,603.0,3.9313,0.4,23.17,0,74.0,3.85,4.0,45.0,idle,
2026-04-24T19:04:00,604.0,3.9241,1.4,23.2,0,74.0,3.85,4.0,45.0,idle,
2026-04-24T19:05:00,605.0,3.9242,2.7,23.15,0,74.0,3.85,4.0,45.0,idle,
2026-04-24T19:06:00,606.0,3.9252,1.0,23.17,0,73.9,3.85,4.0,45.0,idle,
2026-04-24T19:07:00,607.0,3.9283,0.3,23.23,0,73.9,3.85,4.0,45.0,idle,
2026-04-24T19:08:00,608.0,3.9257,5.2,23.24,0,73.8,3.85,4.0,45.0,idle,
2026-04-24T19:09:00,609.0,3.926,1.6,23.24,0,73.8,3.85,4.0,45.0,idle,
2026-04-24T19:10:00,610.0,3.9313,4.9,23.26,0,73.8,3.85,4.0,45.0,idle,
2026-04-24T19:11:00,611.0,3.9253,2.9,23.14,0,73.7,3.85,4.0,45.0,idle,
2026-04-24T19:12:00,612.0,3.925,1.4,23.11,0,73.7,3.85,4.0,45.0,idle,
2026-04-24T19:13:00,613.0,3.9343,2.2,23.13,0,73.7,3.85,4.0,45.0,idle,
2026-04-24T19:14:00,614.0,3.9284,1.5,23.03,0,73.6,3.85,4.0,45.0,idle,
2026-04-24T19:15:00,615.0,3.9251,0.0,22.99,0,73.6,3.85,4.0,45.0,idle,
2026-04-24T19:16:00,616.0,3.9235,4.3,22.95,0,73.5,3.85,4.0,45.0,idle,
2026-04-24T19:17:00,617.0,3.9256,1.9,22.85,0,73.5,3.85,4.0,45.0,idle,
2026-04-24T19:18:00,618.0,3.9217,3.5,22.86,0,73.5,3.85,4.0,45.0,idle,
2026-04-24T19:19:00,619.0,3.9252,1.9,22.81,0,73.4,3.85,4.0,45.0,idle,
2026-04-24T19:20:00,620.0,3.9238,3.0,22.78,0,73.4,3.85,4.0,45.0,idle,
2026-04-24T19:21:00,621.0,3.9219,2.2,22.81,0,73.4,3.85,4.0,45.0,idle,
2026-04-24T19:22:00,622.0,3.9248,5.6,22.75,0,73.3,3.85,4.0,45.0,idle,
2026-04-24T19:23:00,623.0,3.9254,7.1,22.7,0,73.3,3.85,4.0,45.0,idle,
2026-04-24T19:24:00,624.0,3.9227,4.3,22.67,0,73.3,3.85,4.0,45.0,idle,
2026-04-24T19:25:00,625.0,3.9279,0.0,22.72,0,73.2,3.85,4.0,45.0,idle,
2026-04-24T19:26:00,626.0,3.9195,1.8,22.74,0,73.2,3.85,4.0,45.0,idle,
2026-04-24T19:27:00,627.0,3.9214,1.2,22.68,0,73.1,3.85,4.0,45.0,idle,
2026-04-24T19:28:00,628.0,3.9164,0.0,22.76,0,73.1,3.85,4.0,45.0,idle,
2026-04-24T19:29:00,629.0,3.9241,0.0,22.75,0,73.1,3.85,4.0,45.0,idle,
2026-04-24T19:30:00,630.0,3.9234,0.8,22.77,0,73.0,3.85,4.0,45.0,idle,
2026-04-24T19:31:00,631.0,3.9246,0.0,22.79,0,73.0,3.85,4.0,45.0,idle,
2026-04-24T19:32:00,632.0,3.9185,1.0,22.79,0,73.0,3.85,4.0,45.0,idle,
2026-04-24T19:33:00,633.0,3.9259,2.5,22.78,0,72.9,3.85,4.0,45.0,idle,
2026-04-24T19:34:00,634.0,3.9176,1.3,22.67,0,72.9,3.85,4.0,45.0,idle,
2026-04-24T19:35:00,635.0,3.9165,0.0,22.64,0,72.9,3.85,4.0,45.0,idle,
2026-04-24T19:36:00,636.0,3.9193,2.4,22.64,0,72.8,3.85,4.0,45.0,idle,
2026-04-24T19:37:00,637.0,3.9205,1.0,22.56,0,72.8,3.85,4.0,45.0,idle,
2026-04-24T19:38:00,638.0,3.92,6.3,22.59,0,72.8,3.85,4.0,45.0,idle,
2026-04-24T19:39:00,639.0,3.9209,1.9,22.63,0,72.7,3.85,4.0,45.0,idle,
2026-04-24T19:40:00,640.0,3.9225,1.9,22.59,0,72.7,3.85,4.0,45.0,idle,
2026-04-24T19:41:00,641.0,3.9121,1.4,22.62,0,72.7,3.85,4.0,45.0,idle,
2026-04-24T19:42:00,642.0,3.9167,2.3,22.67,0,72.6,3.85,4.0,45.0,idle,
2026-04-24T19:43:00,643.0,3.9193,0.1,22.71,0,72.6,3.85,4.0,45.0,idle,
2026-04-24T19:44:00,644.0,3.9222,1.8,22.7,0,72.6,3.85,4.0,45.0,idle,
2026-04-24T19:45:00,645.0,3.9204,0.7,22.74,0,72.5,3.85,4.0,45.0,idle,
2026-04-24T19:46:00,646.0,3.9211,0.9,22.79,0,72.5,3.85,4.0,45.0,idle,
2026-04-24T19:47:00,647.0,3.921,1.7,22.69,0,72.5,3.85,4.0,45.0,idle,
2026-04-24T19:48:00,648.0,3.9202,1.9,22.69,0,72.4,3.85,4.0,45.0,idle,
2026-04-24T19:49:00,649.0,3.9177,2.2,22.77,0,72.4,3.85,4.0,45.0,idle,
2026-04-24T19:50:00,650.0,3.9211,4.5,22.74,0,72.4,3.85,4.0,45.0,idle,
2026-04-24T19:51:00,651.0,3.9206,5.0,22.71,0,72.3,3.85,4.0,45.0,idle,
2026-04-24T19:52:00,652.0,3.9177,5.2,22.74,0,72.3,3.85,4.0,45.0,idle,
2026-04-24T19:53:00,653.0,3.9167,0.8,22.71,0,72.3,3.85,4.0,45.0,idle,
2026-04-24T19:54:00,654.0,3.9127,1.8,22.65,0,72.2,3.85,4.0,45.0,idle,
2026-04-24T19:55:00,655.0,3.9177,0.9,22.52,0,72.2,3.85,4.0,45.0,idle,
2026-04-24T19:56:00,656.0,3.9119,1.9,22.51,0,72.2,3.85,4.0,45.0,idle,
2026-04-24T19:57:00,657.0,3.9245,2.7,22.56,0,72.1,3.85,4.0,45.0,idle,
2026-04-24T19:58:00,658.0,3.9148,0.0,22.54,0,72.1,3.85,4.0,45.0,idle,
2026-04-24T19:59:00,659.0,3.9167,0.9,22.52,0,72.1,3.85,4.0,45.0,idle,
2026-04-24T20:00:00,660.0,3.9168,4.3,22.5,0,72.0,3.85,4.0,45.0,idle,
2026-04-24T20:01:00,661.0,3.9166,0.0,22.46,0,72.0,3.85,4.0,45.0,idle,
2026-04-24T20:02:00,662.0,3.9202,1.9,22.47,0,72.0,3.85,4.0,45.0,idle,
2026-04-24T20:03:00,663.0,3.9133,4.8,22.5,0,72.0,3.85,4.0,45.0,idle,
2026-04-24T20:04:00,664.0,3.9143,3.1,22.53,0,71.9,3.85,4.0,45.0,idle,
2026-04-24T20:05:00,665.0,3.9131,0.0,22.55,0,71.9,3.85,4.0,45.0,idle,
2026-04-24T20:06:00,666.0,3.9129,2.2,22.63,0,71.9,3.85,4.0,45.0,idle,
2026-04-24T20:07:00,667.0,3.9161,0.0,22.65,0,71.8,3.85,4.0,45.0,idle,
2026-04-24T20:08:00,668.0,3.9159,1.1,22.67,0,71.8,3.85,4.0,45.0,idle,
2026-04-24T20:09:00,669.0,3.9146,0.0,22.74,0,71.8,3.85,4.0,45.0,idle,
2026-04-24T20:10:00,670.0,3.9148,2.1,22.8,0,71.7,3.85,4.0,45.0,idle,
2026-04-24T20:11:00,671.0,3.9143,0.2,22.84,0,71.7,3.85,4.0,45.0,idle,
2026-04-24T20:12:00,672.0,3.9151,3.6,22.78,0,71.7,3.85,4.0,45.0,idle,
2026-04-24T20:13:00,673.0,3.9181,3.5,22.7,0,71.6,3.85,4.0,45.0,idle,
2026-04-24T20:14:00,674.0,3.9089,0.8,22.63,0,71.6,3.85,4.0,45.0,idle,
2026-04-24T20:15:00,675.0,3.9084,1.7,22.58,0,71.6,3.85,4.0,45.0,idle,
2026-04-24T20:16:00,676.0,3.909,0.0,22.62,0,71.6,3.85,4.0,45.0,idle,
2026-04-24T20:17:00,677.0,3.9171,0.1,22.6,0,71.5,3.85,4.0,45.0,idle,
2026-04-24T20:18:00,678.0,3.9081,0.5,22.58,0,71.5,3.85,4.0,45.0,idle,
2026-04-24T20:19:00,679.0,3.9107,4.6,22.59,0,71.5,3.85,4.0,45.0,idle,
2026-04-24T20:20:00,680.0,3.9077,1.9,22.59,0,71.4,3.85,4.0,45.0,idle,
2026-04-24T20:21:00,681.0,3.9089,3.9,22.6,0,71.4,3.85,4.0,45.0,idle,
2026-04-24T20:22:00,682.0,3.9155,0.0,22.61,0,71.4,3.85,4.0,45.0,idle,
2026-04-24T20:23:00,683.0,3.9159,1.9,22.56,0,71.3,3.85,4.0,45.0,idle,
2026-04-24T20:24:00,684.0,3.921,2.8,22.53,0,71.3,3.85,4.0,45.0,idle,
2026-04-24T20:25:00,685.0,3.9049,6.1,22.53,0,71.3,3.85,4.0,45.0,idle,
2026-04-24T20:26:00,686.0,3.9174,0.4,22.57,0,71.2,3.85,4.0,45.0,idle,
2026-04-24T20:27:00,687.0,3.9109,0.9,22.65,0,71.2,3.85,4.0,45.0,idle,
2026-04-24T20:28:00,688.0,3.9071,1.7,22.63,0,71.2,3.85,4.0,45.0,idle,
2026-04-24T20:29:00,689.0,3.9089,0.0,22.71,0,71.2,3.85,4.0,45.0,idle,
2026-04-24T20:30:00,690.0,3.9126,1.7,22.72,0,71.1,3.85,4.0,45.0,idle,
2026-04-24T20:31:00,691.0,3.9054,2.3,22.75,0,71.1,3.85,4.0,45.0,idle,
2026-04-24T20:32:00,692.0,3.9101,4.4,22.66,0,71.1,3.85,4.0,45.0,idle,
2026-04-24T20:33:00,693.0,3.9054,0.0,22.63,0,71.0,3.85,4.0,45.0,idle,
2026-04-24T20:34:00,694.0,3.9056,0.1,22.68,0,71.0,3.85,4.0,45.0,idle,
2026-04-24T20:35:00,695.0,3.9061,3.8,22.68,0,71.0,3.85,4.0,45.0,idle,
2026-04-24T20:36:00,696.0,3.9099,3.4,22.72,0,70.9,3.85,4.0,45.0,idle,
2026-04-24T20:37:00,697.0,3.9146,5.3,22.71,0,70.9,3.85,4.0,45.0,idle,
2026-04-24T20:38:00,698.0,3.9056,2.0,22.71,0,70.9,3.85,4.0,45.0,idle,
2026-04-24T20:39:00,699.0,3.9093,0.6,22.7,0,70.9,3.85,4.0,45.0,idle,
2026-04-24T20:40:00,700.0,3.9064,1.2,22.73,0,70.8,3.85,4.0,45.0,idle,
2026-04-24T20:41:00,701.0,3.9096,3.3,22.8,0,70.8,3.85,4.0,45.0,idle,
2026-04-24T20:42:00,702.0,3.9099,0.0,22.77,0,70.8,3.85,4.0,45.0,idle,
2026-04-24T20:43:00,703.0,3.9107,6.6,22.73,0,70.7,3.85,4.0,45.0,idle,
2026-04-24T20:44:00,704.0,3.9075,3.5,22.71,0,70.7,3.85,4.0,45.0,idle,
2026-04-24T20:45:00,705.0,3.9069,2.9,22.79,0,70.7,3.85,4.0,45.0,idle,
2026-04-24T20:46:00,706.0,3.9033,1.6,22.8,0,70.6,3.85,4.0,45.0,idle,
2026-04-24T20:47:00,707.0,3.9063,1.6,22.79,0,70.6,3.85,4.0,45.0,idle,
2026-04-24T20:48:00,708.0,3.9067,9.9,22.8,0,70.6,3.85,4.0,45.0,idle,
2026-04-24T20:49:00,709.0,3.908,0.5,22.79,0,70.6,3.85,4.0,45.0,idle,
2026-04-24T20:50:00,710.0,3.9047,1.0,22.78,0,70.5,3.85,4.0,45.0,idle,
2026-04-24T20:51:00,711.0,3.9084,6.9,22.78,0,70.5,3.85,4.0,45.0,idle,
2026-04-24T20:52:00,712.0,3.9094,3.1,22.7,0,70.5,3.85,4.0,45.0,idle,
2026-04-24T20:53:00,713.0,3.9034,1.5,22.79,0,70.4,3.85,4.0,45.0,idle,
2026-04-24T20:54:00,714.0,3.9059,2.9,22.78,0,70.4,3.85,4.0,45.0,idle,
2026-04-24T20:55:00,715.0,3.9063,0.0,22.83,0,70.4,3.85,4.0,45.0,idle,
2026-04-24T20:56:00,716.0,3.9083,3.0,22.8,0,70.3,3.85,4.0,45.0,idle,
2026-04-24T20:57:00,717.0,3.9096,2.9,22.72,0,70.3,3.85,4.0,45.0,idle,
2026-04-24T20:58:00,718.0,3.9091,0.6,22.71,0,70.3,3.85,4.0,45.0,idle,
2026-04-24T20:59:00,719.0,3.9009,1.0,22.71,0,70.2,3.85,4.0,45.0,idle,
2026-04-24T21:00:00,720.0,3.9074,0.3,22.74,0,70.2,3.85,4.0,45.0,idle,
